{
  "pregnancy_duration": {
    "precision": 0.9411764705882353,
    "recall": 0.9411764705882353,
    "f1-score": 0.9411764705882353,
    "support": 17
  },
  "visit_type": {
    "precision": 0.6756756756756757,
    "recall": 0.9259259259259259,
    "f1-score": 0.7812500000000001,
    "support": 27
  },
  "care_from_where": {
    "precision": 0.0,
    "recall": 0.0,
    "f1-score": 0.0,
    "support": 2
  },
  "word": {
    "precision": 0.5416666666666666,
    "recall": 0.8666666666666667,
    "f1-score": 0.6666666666666667,
    "support": 15
  },
  "attendee": {
    "precision": 0.5,
    "recall": 0.6,
    "f1-score": 0.5454545454545454,
    "support": 5
  },
  "micro avg": {
    "precision": 0.6785714285714286,
    "recall": 0.8636363636363636,
    "f1-score": 0.76,
    "support": 66
  },
  "macro avg": {
    "precision": 0.5317037625861155,
    "recall": 0.6667538126361656,
    "f1-score": 0.5869095365418896,
    "support": 66
  },
  "weighted avg": {
    "precision": 0.6798218673218673,
    "recall": 0.8636363636363636,
    "f1-score": 0.7548639807162534,
    "support": 66
  }
}