{
  "pregnancy_duration": {
    "precision": 1.0,
    "recall": 0.7619047619047619,
    "f1-score": 0.8648648648648648,
    "support": 21
  },
  "visit_type": {
    "precision": 1.0,
    "recall": 0.90625,
    "f1-score": 0.9508196721311475,
    "support": 32
  },
  "care_from_where": {
    "precision": 0.0,
    "recall": 0.0,
    "f1-score": 0.0,
    "support": 2
  },
  "word": {
    "precision": 0.75,
    "recall": 0.15789473684210525,
    "f1-score": 0.2608695652173913,
    "support": 19
  },
  "attendee": {
    "precision": 1.0,
    "recall": 0.6666666666666666,
    "f1-score": 0.8,
    "support": 3
  },
  "micro avg": {
    "precision": 0.9803921568627451,
    "recall": 0.6493506493506493,
    "f1-score": 0.7812499999999999,
    "support": 77
  },
  "macro avg": {
    "precision": 0.75,
    "recall": 0.49854323308270676,
    "f1-score": 0.5753108204426807,
    "support": 77
  },
  "weighted avg": {
    "precision": 0.9123376623376623,
    "recall": 0.6493506493506493,
    "f1-score": 0.7265573170063547,
    "support": 77
  }
}