{
  "attendee": {
    "precision": 1.0,
    "recall": 1.0,
    "f1-score": 1.0,
    "support": 3
  },
  "pregnancy_duration": {
    "precision": 1.0,
    "recall": 1.0,
    "f1-score": 1.0,
    "support": 19
  },
  "word": {
    "precision": 1.0,
    "recall": 0.7647058823529411,
    "f1-score": 0.8666666666666666,
    "support": 17
  },
  "care_from_where": {
    "precision": 1.0,
    "recall": 1.0,
    "f1-score": 1.0,
    "support": 2
  },
  "visit_type": {
    "precision": 1.0,
    "recall": 1.0,
    "f1-score": 1.0,
    "support": 27
  },
  "micro avg": {
    "precision": 1.0,
    "recall": 0.9411764705882353,
    "f1-score": 0.9696969696969697,
    "support": 68
  },
  "macro avg": {
    "precision": 1.0,
    "recall": 0.9529411764705882,
    "f1-score": 0.9733333333333334,
    "support": 68
  },
  "weighted avg": {
    "precision": 1.0,
    "recall": 0.9411764705882353,
    "f1-score": 0.9666666666666667,
    "support": 68
  }
}