{
  "pregnancy_duration": {
    "precision": 1.0,
    "recall": 0.7058823529411765,
    "f1-score": 0.8275862068965517,
    "support": 17
  },
  "visit_type": {
    "precision": 0.8620689655172413,
    "recall": 0.9259259259259259,
    "f1-score": 0.8928571428571429,
    "support": 27
  },
  "care_from_where": {
    "precision": 0.0,
    "recall": 0.0,
    "f1-score": 0.0,
    "support": 2
  },
  "word": {
    "precision": 0.8333333333333334,
    "recall": 0.3333333333333333,
    "f1-score": 0.47619047619047616,
    "support": 15
  },
  "attendee": {
    "precision": 1.0,
    "recall": 0.6,
    "f1-score": 0.7499999999999999,
    "support": 5
  },
  "micro avg": {
    "precision": 0.9,
    "recall": 0.6818181818181818,
    "f1-score": 0.7758620689655172,
    "support": 66
  },
  "macro avg": {
    "precision": 0.7390804597701149,
    "recall": 0.5130283224400871,
    "f1-score": 0.5893267651888341,
    "support": 66
  },
  "weighted avg": {
    "precision": 0.8753918495297806,
    "recall": 0.6818181818181818,
    "f1-score": 0.7434691745036572,
    "support": 66
  }
}