{
  "pregnancy_duration": {
    "precision": 1.0,
    "recall": 0.8235294117647058,
    "f1-score": 0.9032258064516129,
    "support": 17
  },
  "visit_type": {
    "precision": 0.9259259259259259,
    "recall": 0.9259259259259259,
    "f1-score": 0.9259259259259259,
    "support": 27
  },
  "care_from_where": {
    "precision": 1.0,
    "recall": 1.0,
    "f1-score": 1.0,
    "support": 2
  },
  "word": {
    "precision": 0.7,
    "recall": 0.4666666666666667,
    "f1-score": 0.56,
    "support": 15
  },
  "attendee": {
    "precision": 1.0,
    "recall": 0.6,
    "f1-score": 0.7499999999999999,
    "support": 5
  },
  "micro avg": {
    "precision": 0.9107142857142857,
    "recall": 0.7727272727272727,
    "f1-score": 0.8360655737704916,
    "support": 66
  },
  "macro avg": {
    "precision": 0.9251851851851851,
    "recall": 0.7632244008714597,
    "f1-score": 0.8278303464755077,
    "support": 66
  },
  "weighted avg": {
    "precision": 0.9015151515151515,
    "recall": 0.7727272727272727,
    "f1-score": 0.8258308895405669,
    "support": 66
  }
}