{
  "visit_type": {
    "precision": 0.8984375,
    "recall": 0.8846153846153846,
    "f1-score": 0.8914728682170543,
    "support": 130
  },
  "attendee": {
    "precision": 1.0,
    "recall": 0.5454545454545454,
    "f1-score": 0.7058823529411764,
    "support": 22
  },
  "pregnancy_duration": {
    "precision": 1.0,
    "recall": 0.75,
    "f1-score": 0.8571428571428571,
    "support": 92
  },
  "word": {
    "precision": 0.967741935483871,
    "recall": 0.410958904109589,
    "f1-score": 0.5769230769230769,
    "support": 73
  },
  "care_from_where": {
    "precision": 1.0,
    "recall": 1.0,
    "f1-score": 1.0,
    "support": 4
  },
  "micro avg": {
    "precision": 0.9426229508196722,
    "recall": 0.7165109034267912,
    "f1-score": 0.8141592920353982,
    "support": 321
  },
  "macro avg": {
    "precision": 0.9732358870967742,
    "recall": 0.7182057668359038,
    "f1-score": 0.806284231044833,
    "support": 321
  },
  "weighted avg": {
    "precision": 0.9515328233343382,
    "recall": 0.7165109034267912,
    "f1-score": 0.7987333710450166,
    "support": 321
  }
}