{
  "pregnancy_duration": {
    "precision": 0.0,
    "recall": 0.0,
    "f1-score": 0.0,
    "support": 17
  },
  "visit_type": {
    "precision": 1.0,
    "recall": 0.2222222222222222,
    "f1-score": 0.3636363636363636,
    "support": 27
  },
  "care_from_where": {
    "precision": 0.0,
    "recall": 0.0,
    "f1-score": 0.0,
    "support": 2
  },
  "word": {
    "precision": 0.0,
    "recall": 0.0,
    "f1-score": 0.0,
    "support": 15
  },
  "attendee": {
    "precision": 0.0,
    "recall": 0.0,
    "f1-score": 0.0,
    "support": 5
  },
  "micro avg": {
    "precision": 1.0,
    "recall": 0.09090909090909091,
    "f1-score": 0.16666666666666669,
    "support": 66
  },
  "macro avg": {
    "precision": 0.2,
    "recall": 0.04444444444444444,
    "f1-score": 0.07272727272727272,
    "support": 66
  },
  "weighted avg": {
    "precision": 0.4090909090909091,
    "recall": 0.09090909090909091,
    "f1-score": 0.14876033057851237,
    "support": 66
  }
}