{
  "pregnancy_duration": {
    "precision": 0.6956521739130435,
    "recall": 0.9411764705882353,
    "f1-score": 0.7999999999999999,
    "support": 17
  },
  "visit_type": {
    "precision": 0.78125,
    "recall": 0.9259259259259259,
    "f1-score": 0.847457627118644,
    "support": 27
  },
  "care_from_where": {
    "precision": 1.0,
    "recall": 1.0,
    "f1-score": 1.0,
    "support": 2
  },
  "word": {
    "precision": 0.5,
    "recall": 0.8666666666666667,
    "f1-score": 0.6341463414634146,
    "support": 15
  },
  "attendee": {
    "precision": 0.5,
    "recall": 0.6,
    "f1-score": 0.5454545454545454,
    "support": 5
  },
  "micro avg": {
    "precision": 0.6629213483146067,
    "recall": 0.8939393939393939,
    "f1-score": 0.7612903225806451,
    "support": 66
  },
  "macro avg": {
    "precision": 0.6953804347826087,
    "recall": 0.8667538126361656,
    "f1-score": 0.7654117028073208,
    "support": 66
  },
  "weighted avg": {
    "precision": 0.6806035902503293,
    "recall": 0.8939393939393939,
    "f1-score": 0.7684973300216262,
    "support": 66
  }
}