{
  "config_supervised": [
    [
      0.6512302960399845,
      0.6371663371230846,
      0.4909043162719633,
      0.28491692131398016,
      0.19425186741363215
    ],
    [
      0.6580366357069144,
      0.5644432773109244,
      0.5149012236473537,
      0.34736138044961573,
      0.2907854808590103
    ],
    [
      0.6470979568297907,
      0.5834249876421156,
      0.4687445700205216,
      0.30745798319327733,
      0.20811741363211952
    ]
  ],
  "config_mitie": [
    [
      0.4731829853153382,
      0.42084933545089687,
      0.2504713159773713,
      0.010734781717565076,
      0.0
    ],
    [
      0.5278011204481793,
      0.5108543417366946,
      0.22240052975347094,
      0.035564690272393784,
      0.0
    ],
    [
      0.5751239533246453,
      0.4984655626956665,
      0.3471799224740401,
      0.00784442217253874,
      0.0
    ]
  ]
}