{
  "pregnancy_duration": {
    "precision": 1.0,
    "recall": 0.2857142857142857,
    "f1-score": 0.4444444444444445,
    "support": 21
  },
  "visit_type": {
    "precision": 1.0,
    "recall": 0.46875,
    "f1-score": 0.6382978723404256,
    "support": 32
  },
  "care_from_where": {
    "precision": 0.0,
    "recall": 0.0,
    "f1-score": 0.0,
    "support": 2
  },
  "word": {
    "precision": 0.0,
    "recall": 0.0,
    "f1-score": 0.0,
    "support": 19
  },
  "attendee": {
    "precision": 1.0,
    "recall": 0.3333333333333333,
    "f1-score": 0.5,
    "support": 3
  },
  "micro avg": {
    "precision": 1.0,
    "recall": 0.2857142857142857,
    "f1-score": 0.4444444444444445,
    "support": 77
  },
  "macro avg": {
    "precision": 0.6,
    "recall": 0.2175595238095238,
    "f1-score": 0.316548463356974,
    "support": 77
  },
  "weighted avg": {
    "precision": 0.7272727272727273,
    "recall": 0.2857142857142857,
    "f1-score": 0.40595928893801236,
    "support": 77
  }
}