{
  "pregnancy_duration": {
    "precision": 0.9545454545454546,
    "recall": 1.0,
    "f1-score": 0.9767441860465117,
    "support": 21
  },
  "visit_type": {
    "precision": 0.6666666666666666,
    "recall": 1.0,
    "f1-score": 0.8,
    "support": 32
  },
  "care_from_where": {
    "precision": 1.0,
    "recall": 1.0,
    "f1-score": 1.0,
    "support": 2
  },
  "word": {
    "precision": 0.6071428571428571,
    "recall": 0.8947368421052632,
    "f1-score": 0.7234042553191489,
    "support": 19
  },
  "attendee": {
    "precision": 0.3333333333333333,
    "recall": 0.6666666666666666,
    "f1-score": 0.4444444444444444,
    "support": 3
  },
  "micro avg": {
    "precision": 0.6981132075471698,
    "recall": 0.961038961038961,
    "f1-score": 0.808743169398907,
    "support": 77
  },
  "macro avg": {
    "precision": 0.7123376623376624,
    "recall": 0.9122807017543859,
    "f1-score": 0.7889185771620211,
    "support": 77
  },
  "weighted avg": {
    "precision": 0.7261623657727553,
    "recall": 0.961038961038961,
    "f1-score": 0.8206447024853755,
    "support": 77
  }
}