{
  "pregnancy_duration": {
    "precision": 1.0,
    "recall": 1.0,
    "f1-score": 1.0,
    "support": 21
  },
  "visit_type": {
    "precision": 0.9629629629629629,
    "recall": 0.8125,
    "f1-score": 0.8813559322033898,
    "support": 32
  },
  "care_from_where": {
    "precision": 1.0,
    "recall": 1.0,
    "f1-score": 1.0,
    "support": 2
  },
  "word": {
    "precision": 0.6538461538461539,
    "recall": 0.8947368421052632,
    "f1-score": 0.7555555555555555,
    "support": 19
  },
  "attendee": {
    "precision": 0.3333333333333333,
    "recall": 0.6666666666666666,
    "f1-score": 0.4444444444444444,
    "support": 3
  },
  "micro avg": {
    "precision": 0.8292682926829268,
    "recall": 0.8831168831168831,
    "f1-score": 0.8553459119496856,
    "support": 77
  },
  "macro avg": {
    "precision": 0.79002849002849,
    "recall": 0.8747807017543859,
    "f1-score": 0.8162711864406779,
    "support": 77
  },
  "weighted avg": {
    "precision": 0.8732193732193732,
    "recall": 0.8831168831168831,
    "f1-score": 0.8687308924597059,
    "support": 77
  }
}